{
	"credit": "Made with Blockbench",
	"parent": "block/block",
	"elements": [
		{
			"from": [0, 0, 0],
			"to": [16, 8, 16],
			"faces": {
				"north": {"uv": [0, 0, 16, 8], "texture": "#side"},
				"east": {"uv": [0, 0, 16, 8], "texture": "#side"},
				"south": {"uv": [0, 0, 16, 8], "texture": "#side"},
				"west": {"uv": [0, 0, 16, 8], "texture": "#side"},
				"up": {"uv": [0, 0, 16, 16], "texture": "#up"},
				"down": {"uv": [0, 0, 16, 16], "texture": "#down"}
			}
		},
		{
			"from": [0, 0, 0],
			"to": [16, 8, 16],
			"faces": {
				"north": {"uv": [0, 0, 16, 8], "texture": "#side_overlay"},
				"east": {"uv": [0, 0, 16, 8], "texture": "#side_overlay"},
				"south": {"uv": [0, 0, 16, 8], "texture": "#side_overlay"},
				"west": {"uv": [0, 0, 16, 8], "texture": "#side_overlay"},
				"up": {"uv": [0, 0, 16, 16], "texture": "#up_overlay"},
				"down": {"uv": [0, 0, 16, 16], "texture": "#down_overlay"}
			}
		}
	]
}