{
	"credit": "Made with Blockbench",
	"parent": "block/block",
	"elements": [
		{
			"from": [0, 0, 0],
			"to": [16, 16, 16],
			"faces": {
				"north": {"uv": [0, 0, 16, 16], "texture": "#north"},
				"east": {"uv": [0, 0, 16, 16], "texture": "#east"},
				"south": {"uv": [0, 0, 16, 16], "texture": "#south"},
				"west": {"uv": [0, 0, 16, 16], "texture": "#west"},
				"up": {"uv": [0, 0, 16, 16], "texture": "#up"},
				"down": {"uv": [0, 0, 16, 16], "texture": "#down"}
			}
		},
		{
			"from": [0, 0, 0],
			"to": [16, 16, 16],
			"faces": {
				"north": {"uv": [0, 0, 16, 16], "texture": "#north_overlay"},
				"east": {"uv": [0, 0, 16, 16], "texture": "#east_overlay"},
				"south": {"uv": [0, 0, 16, 16], "texture": "#south_overlay"},
				"west": {"uv": [0, 0, 16, 16], "texture": "#west_overlay"},
				"up": {"uv": [0, 0, 16, 16], "texture": "#up_overlay"},
				"down": {"uv": [0, 0, 16, 16], "texture": "#down_overlay"}
			}
		}
	]
}